
GO
SET IDENTITY_INSERT [dbo].[Customers] ON 
GO
INSERT [dbo].[Customers] ([CustomerID], [CustomerCode], [CompanyName], [ContactName], [ContactTitle], [Address], [City], [Region], [PostalCode], [Country], [Phone], [Fax]) VALUES (1, N'ALFKI', N'Alfreds Futterkiste', N'Maria Anders', N'Sales Representative', N'Obere Str. 57', N'Berlin', N'NA', N'12209', N'Germany', N'030-0074321', N'030-0076545')
GO
INSERT [dbo].[Customers] ([CustomerID], [CustomerCode], [CompanyName], [ContactName], [ContactTitle], [Address], [City], [Region], [PostalCode], [Country], [Phone], [Fax]) VALUES (2, N'ALFKI', N'Alfreds Futterkiste', N'Maria Anders', N'Sales Representative', N'Obere Str. 57', N'Berlin', N'NA', N'12209', N'Germany', N'030-0074321', N'030-0076545')
GO
INSERT [dbo].[Customers] ([CustomerID], [CustomerCode], [CompanyName], [ContactName], [ContactTitle], [Address], [City], [Region], [PostalCode], [Country], [Phone], [Fax]) VALUES (3, N'ANATR', N'Ana Trujillo Emparedados y helados', N'Ana Trujillo', N'Owner', N'Avda. de la Constitución 2222', N'México D.F.', N'NAI', N'05021', N'Mexico', N'(5) 555-4729', N'(5) 555-3745')
GO
INSERT [dbo].[Customers] ([CustomerID], [CustomerCode], [CompanyName], [ContactName], [ContactTitle], [Address], [City], [Region], [PostalCode], [Country], [Phone], [Fax]) VALUES (4, N'ANTON', N'Antonio Moreno Taquería', N'Antonio Moreno', N'Owner', N'Mataderos  2312', N'México D.F.', NULL, N'05023', N'Mexico', N'(5) 555-3932', NULL)
GO
INSERT [dbo].[Customers] ([CustomerID], [CustomerCode], [CompanyName], [ContactName], [ContactTitle], [Address], [City], [Region], [PostalCode], [Country], [Phone], [Fax]) VALUES (5, N'AROUT', N'Around the Horn', N'Thomas Hardy', N'Sales Representative', N'120 Hanover Sq.', N'London', NULL, N'WA1 1DP', N'UK', N'(171) 555-7788', N'(171) 555-6750')
GO
INSERT [dbo].[Customers] ([CustomerID], [CustomerCode], [CompanyName], [ContactName], [ContactTitle], [Address], [City], [Region], [PostalCode], [Country], [Phone], [Fax]) VALUES (6, N'BERGS', N'Berglunds snabbköp', N'Christina Berglund', N'Order Administrator', N'Berguvsvägen  8', N'Luleå', NULL, N'S-958 22', N'Sweden', N'0921-12 34 65', N'0921-12 34 67')
GO
INSERT [dbo].[Customers] ([CustomerID], [CustomerCode], [CompanyName], [ContactName], [ContactTitle], [Address], [City], [Region], [PostalCode], [Country], [Phone], [Fax]) VALUES (7, N'BLAUS', N'Blauer See Delikatessen', N'Hanna Moos', N'Sales Representative', N'Forsterstr. 57', N'Mannheim', NULL, N'68306', N'Germany', N'0621-08460', N'0621-08924')
GO
INSERT [dbo].[Customers] ([CustomerID], [CustomerCode], [CompanyName], [ContactName], [ContactTitle], [Address], [City], [Region], [PostalCode], [Country], [Phone], [Fax]) VALUES (8, N'BLONP', N'Blondesddsl père et fils', N'Frédérique Citeaux', N'Marketing Manager', N'24, place Kléber', N'Strasbourg', NULL, N'67000', N'France', N'88.60.15.31', N'88.60.15.32')
GO
INSERT [dbo].[Customers] ([CustomerID], [CustomerCode], [CompanyName], [ContactName], [ContactTitle], [Address], [City], [Region], [PostalCode], [Country], [Phone], [Fax]) VALUES (9, N'BOLID', N'Bólido Comidas preparadas', N'Martín Sommer', N'Owner', N'C/ Araquil, 67', N'Madrid', NULL, N'28023', N'Spain', N'(91) 555 22 82', N'(91) 555 91 99')
GO
INSERT [dbo].[Customers] ([CustomerID], [CustomerCode], [CompanyName], [ContactName], [ContactTitle], [Address], [City], [Region], [PostalCode], [Country], [Phone], [Fax]) VALUES (10, N'BONAP', N'Bon app''', N'Laurence Lebihan', N'Owner', N'12, rue des Bouchers', N'Marseille', NULL, N'13008', N'France', N'91.24.45.40', N'91.24.45.41')
GO
INSERT [dbo].[Customers] ([CustomerID], [CustomerCode], [CompanyName], [ContactName], [ContactTitle], [Address], [City], [Region], [PostalCode], [Country], [Phone], [Fax]) VALUES (11, N'BOTTM', N'Bottom-Dollar Markets', N'Elizabeth Lincoln', N'Accounting Manager', N'23 Tsawassen Blvd.', N'Tsawassen', N'BC', N'T2F 8M4', N'Canada', N'(604) 555-4729', N'(604) 555-3745')
GO
INSERT [dbo].[Customers] ([CustomerID], [CustomerCode], [CompanyName], [ContactName], [ContactTitle], [Address], [City], [Region], [PostalCode], [Country], [Phone], [Fax]) VALUES (12, N'BSBEV', N'B''s Beverages', N'Victoria Ashworth', N'Sales Representative', N'Fauntleroy Circus', N'London', NULL, N'EC2 5NT', N'UK', N'(171) 555-1212', NULL)
GO
INSERT [dbo].[Customers] ([CustomerID], [CustomerCode], [CompanyName], [ContactName], [ContactTitle], [Address], [City], [Region], [PostalCode], [Country], [Phone], [Fax]) VALUES (13, N'CACTU', N'Cactus Comidas para llevar', N'Patricio Simpson', N'Sales Agent', N'Cerrito 333', N'Buenos Aires', NULL, N'1010', N'Argentina', N'(1) 135-5555', N'(1) 135-4892')
GO
INSERT [dbo].[Customers] ([CustomerID], [CustomerCode], [CompanyName], [ContactName], [ContactTitle], [Address], [City], [Region], [PostalCode], [Country], [Phone], [Fax]) VALUES (14, N'CENTC', N'Centro comercial Moctezuma', N'Francisco Chang', N'Marketing Manager', N'Sierras de Granada 9993', N'México D.F.', NULL, N'05022', N'Mexico', N'(5) 555-3392', N'(5) 555-7293')
GO
INSERT [dbo].[Customers] ([CustomerID], [CustomerCode], [CompanyName], [ContactName], [ContactTitle], [Address], [City], [Region], [PostalCode], [Country], [Phone], [Fax]) VALUES (15, N'CHOPS', N'Chop-suey Chinese', N'Yang Wang', N'Owner', N'Hauptstr. 29', N'Bern', NULL, N'3012', N'Switzerland', N'0452-076545', NULL)
GO
INSERT [dbo].[Customers] ([CustomerID], [CustomerCode], [CompanyName], [ContactName], [ContactTitle], [Address], [City], [Region], [PostalCode], [Country], [Phone], [Fax]) VALUES (16, N'COMMI', N'Comércio Mineiro', N'Pedro Afonso', N'Sales Associate', N'Av. dos Lusíadas, 23', N'Sao Paulo', N'SP', N'05432-043', N'Brazil', N'(11) 555-7647', NULL)
GO
INSERT [dbo].[Customers] ([CustomerID], [CustomerCode], [CompanyName], [ContactName], [ContactTitle], [Address], [City], [Region], [PostalCode], [Country], [Phone], [Fax]) VALUES (17, N'CONSH', N'Consolidated Holdings', N'Elizabeth Brown', N'Sales Representative', N'Berkeley Gardens 12  Brewery', N'London', NULL, N'WX1 6LT', N'UK', N'(171) 555-2282', N'(171) 555-9199')
GO
INSERT [dbo].[Customers] ([CustomerID], [CustomerCode], [CompanyName], [ContactName], [ContactTitle], [Address], [City], [Region], [PostalCode], [Country], [Phone], [Fax]) VALUES (18, N'DRACD', N'Drachenblut Delikatessen', N'Sven Ottlieb', N'Order Administrator', N'Walserweg 21', N'Aachen', NULL, N'52066', N'Germany', N'0241-039123', N'0241-059428')
GO
INSERT [dbo].[Customers] ([CustomerID], [CustomerCode], [CompanyName], [ContactName], [ContactTitle], [Address], [City], [Region], [PostalCode], [Country], [Phone], [Fax]) VALUES (19, N'DUMON', N'Du monde entier', N'Janine Labrune', N'Owner', N'67, rue des Cinquante Otages', N'Nantes', NULL, N'44000', N'France', N'40.67.88.88', N'40.67.89.89')
GO
INSERT [dbo].[Customers] ([CustomerID], [CustomerCode], [CompanyName], [ContactName], [ContactTitle], [Address], [City], [Region], [PostalCode], [Country], [Phone], [Fax]) VALUES (20, N'EASTC', N'Eastern Connection', N'Ann Devon', N'Sales Agent', N'35 King George', N'London', NULL, N'WX3 6FW', N'UK', N'(171) 555-0297', N'(171) 555-3373')
GO
INSERT [dbo].[Customers] ([CustomerID], [CustomerCode], [CompanyName], [ContactName], [ContactTitle], [Address], [City], [Region], [PostalCode], [Country], [Phone], [Fax]) VALUES (21, N'ERNSH', N'Ernst Handel', N'Roland Mendel', N'Sales Manager', N'Kirchgasse 6', N'Graz', NULL, N'8010', N'Austria', N'7675-3425', N'7675-3426')
GO
INSERT [dbo].[Customers] ([CustomerID], [CustomerCode], [CompanyName], [ContactName], [ContactTitle], [Address], [City], [Region], [PostalCode], [Country], [Phone], [Fax]) VALUES (22, N'FAMIA', N'Familia Arquibaldo', N'Aria Cruz', N'Marketing Assistant', N'Rua Orós, 92', N'Sao Paulo', N'SP', N'05442-030', N'Brazil', N'(11) 555-9857', NULL)
GO
INSERT [dbo].[Customers] ([CustomerID], [CustomerCode], [CompanyName], [ContactName], [ContactTitle], [Address], [City], [Region], [PostalCode], [Country], [Phone], [Fax]) VALUES (23, N'FISSA', N'FISSA Fabrica Inter. Salchichas S.A.', N'Diego Roel', N'Accounting Manager', N'C/ Moralzarzal, 86', N'Madrid', NULL, N'28034', N'Spain', N'(91) 555 94 44', N'(91) 555 55 93')
GO
INSERT [dbo].[Customers] ([CustomerID], [CustomerCode], [CompanyName], [ContactName], [ContactTitle], [Address], [City], [Region], [PostalCode], [Country], [Phone], [Fax]) VALUES (24, N'FOLIG', N'Folies gourmandes', N'Martine Rancé', N'Assistant Sales Agent', N'184, chaussée de Tournai', N'Lille', NULL, N'59000', N'France', N'20.16.10.16', N'20.16.10.17')
GO
INSERT [dbo].[Customers] ([CustomerID], [CustomerCode], [CompanyName], [ContactName], [ContactTitle], [Address], [City], [Region], [PostalCode], [Country], [Phone], [Fax]) VALUES (25, N'FOLKO', N'Folk och fä HB', N'Maria Larsson', N'Owner', N'Åkergatan 24', N'Bräcke', NULL, N'S-844 67', N'Sweden', N'0695-34 67 21', NULL)
GO
INSERT [dbo].[Customers] ([CustomerID], [CustomerCode], [CompanyName], [ContactName], [ContactTitle], [Address], [City], [Region], [PostalCode], [Country], [Phone], [Fax]) VALUES (26, N'FRANK', N'Frankenversand', N'Peter Franken', N'Marketing Manager', N'Berliner Platz 43', N'München', NULL, N'80805', N'Germany', N'089-0877310', N'089-0877451')
GO
INSERT [dbo].[Customers] ([CustomerID], [CustomerCode], [CompanyName], [ContactName], [ContactTitle], [Address], [City], [Region], [PostalCode], [Country], [Phone], [Fax]) VALUES (27, N'FRANR', N'France restauration', N'Carine Schmitt', N'Marketing Manager', N'54, rue Royale', N'Nantes', NULL, N'44000', N'France', N'40.32.21.21', N'40.32.21.20')
GO
INSERT [dbo].[Customers] ([CustomerID], [CustomerCode], [CompanyName], [ContactName], [ContactTitle], [Address], [City], [Region], [PostalCode], [Country], [Phone], [Fax]) VALUES (28, N'FRANS', N'Franchi S.p.A.', N'Paolo Accorti', N'Sales Representative', N'Via Monte Bianco 34', N'Torino', NULL, N'10100', N'Italy', N'011-4988260', N'011-4988261')
GO
INSERT [dbo].[Customers] ([CustomerID], [CustomerCode], [CompanyName], [ContactName], [ContactTitle], [Address], [City], [Region], [PostalCode], [Country], [Phone], [Fax]) VALUES (29, N'FURIB', N'Furia Bacalhau e Frutos do Mar', N'Lino Rodriguez', N'Sales Manager', N'Jardim das rosas n. 32', N'Lisboa', NULL, N'1675', N'Portugal', N'(1) 354-2534', N'(1) 354-2535')
GO
INSERT [dbo].[Customers] ([CustomerID], [CustomerCode], [CompanyName], [ContactName], [ContactTitle], [Address], [City], [Region], [PostalCode], [Country], [Phone], [Fax]) VALUES (30, N'GALED', N'Galería del gastrónomo', N'Eduardo Saavedra', N'Marketing Manager', N'Rambla de Cataluña, 23', N'Barcelona', NULL, N'08022', N'Spain', N'(93) 203 4560', N'(93) 203 4561')
GO
INSERT [dbo].[Customers] ([CustomerID], [CustomerCode], [CompanyName], [ContactName], [ContactTitle], [Address], [City], [Region], [PostalCode], [Country], [Phone], [Fax]) VALUES (31, N'GODOS', N'Godos Cocina Típica', N'José Pedro Freyre', N'Sales Manager', N'C/ Romero, 33', N'Sevilla', NULL, N'41101', N'Spain', N'(95) 555 82 82', NULL)
GO
INSERT [dbo].[Customers] ([CustomerID], [CustomerCode], [CompanyName], [ContactName], [ContactTitle], [Address], [City], [Region], [PostalCode], [Country], [Phone], [Fax]) VALUES (32, N'GOURL', N'Gourmet Lanchonetes', N'André Fonseca', N'Sales Associate', N'Av. Brasil, 442', N'Campinas', N'SP', N'04876-786', N'Brazil', N'(11) 555-9482', NULL)
GO
INSERT [dbo].[Customers] ([CustomerID], [CustomerCode], [CompanyName], [ContactName], [ContactTitle], [Address], [City], [Region], [PostalCode], [Country], [Phone], [Fax]) VALUES (33, N'GREAL', N'Great Lakes Food Market', N'Howard Snyder', N'Marketing Manager', N'2732 Baker Blvd.', N'Eugene', N'OR', N'97403', N'USA', N'(503) 555-7555', NULL)
GO
INSERT [dbo].[Customers] ([CustomerID], [CustomerCode], [CompanyName], [ContactName], [ContactTitle], [Address], [City], [Region], [PostalCode], [Country], [Phone], [Fax]) VALUES (34, N'GROSR', N'GROSELLA-Restaurante', N'Manuel Pereira', N'Owner', N'5ª Ave. Los Palos Grandes', N'Caracas', N'DF', N'1081', N'Venezuela', N'(2) 283-2951', N'(2) 283-3397')
GO
INSERT [dbo].[Customers] ([CustomerID], [CustomerCode], [CompanyName], [ContactName], [ContactTitle], [Address], [City], [Region], [PostalCode], [Country], [Phone], [Fax]) VALUES (35, N'HANAR', N'Hanari Carnes', N'Mario Pontes', N'Accounting Manager', N'Rua do Paço, 67', N'Rio de Janeiro', N'RJ', N'05454-876', N'Brazil', N'(21) 555-0091', N'(21) 555-8765')
GO
INSERT [dbo].[Customers] ([CustomerID], [CustomerCode], [CompanyName], [ContactName], [ContactTitle], [Address], [City], [Region], [PostalCode], [Country], [Phone], [Fax]) VALUES (36, N'HILAA', N'HILARION-Abastos', N'Carlos Hernández', N'Sales Representative', N'Carrera 22 con Ave. Carlos Soublette #8-35', N'San Cristóbal', N'Táchira', N'5022', N'Venezuela', N'(5) 555-1340', N'(5) 555-1948')
GO
INSERT [dbo].[Customers] ([CustomerID], [CustomerCode], [CompanyName], [ContactName], [ContactTitle], [Address], [City], [Region], [PostalCode], [Country], [Phone], [Fax]) VALUES (37, N'HUNGC', N'Hungry Coyote Import Store', N'Yoshi Latimer', N'Sales Representative', N'City Center Plaza 516 Main St.', N'Elgin', N'OR', N'97827', N'USA', N'(503) 555-6874', N'(503) 555-2376')
GO
INSERT [dbo].[Customers] ([CustomerID], [CustomerCode], [CompanyName], [ContactName], [ContactTitle], [Address], [City], [Region], [PostalCode], [Country], [Phone], [Fax]) VALUES (38, N'HUNGO', N'Hungry Owl All-Night Grocers', N'Patricia McKenna', N'Sales Associate', N'8 Johnstown Road', N'Cork', N'Co. Cork', NULL, N'Ireland', N'2967 542', N'2967 3333')
GO
INSERT [dbo].[Customers] ([CustomerID], [CustomerCode], [CompanyName], [ContactName], [ContactTitle], [Address], [City], [Region], [PostalCode], [Country], [Phone], [Fax]) VALUES (39, N'ISLAT', N'Island Trading', N'Helen Bennett', N'Marketing Manager', N'Garden House Crowther Way', N'Cowes', N'Isle of Wight', N'PO31 7PJ', N'UK', N'(198) 555-8888', NULL)
GO
INSERT [dbo].[Customers] ([CustomerID], [CustomerCode], [CompanyName], [ContactName], [ContactTitle], [Address], [City], [Region], [PostalCode], [Country], [Phone], [Fax]) VALUES (40, N'KOENE', N'Königlich Essen', N'Philip Cramer', N'Sales Associate', N'Maubelstr. 90', N'Brandenburg', NULL, N'14776', N'Germany', N'0555-09876', NULL)
GO
INSERT [dbo].[Customers] ([CustomerID], [CustomerCode], [CompanyName], [ContactName], [ContactTitle], [Address], [City], [Region], [PostalCode], [Country], [Phone], [Fax]) VALUES (41, N'LACOR', N'La corne d''abondance', N'Daniel Tonini', N'Sales Representative', N'67, avenue de l''Europe', N'Versailles', NULL, N'78000', N'France', N'30.59.84.10', N'30.59.85.11')
GO
INSERT [dbo].[Customers] ([CustomerID], [CustomerCode], [CompanyName], [ContactName], [ContactTitle], [Address], [City], [Region], [PostalCode], [Country], [Phone], [Fax]) VALUES (42, N'LAMAI', N'La maison d''Asie', N'Annette Roulet', N'Sales Manager', N'1 rue Alsace-Lorraine', N'Toulouse', NULL, N'31000', N'France', N'61.77.61.10', N'61.77.61.11')
GO
INSERT [dbo].[Customers] ([CustomerID], [CustomerCode], [CompanyName], [ContactName], [ContactTitle], [Address], [City], [Region], [PostalCode], [Country], [Phone], [Fax]) VALUES (43, N'LAUGB', N'Laughing Bacchus Wine Cellars', N'Yoshi Tannamuri', N'Marketing Assistant', N'1900 Oak St.', N'Vancouver', N'BC', N'V3F 2K1', N'Canada', N'(604) 555-3392', N'(604) 555-7293')
GO
INSERT [dbo].[Customers] ([CustomerID], [CustomerCode], [CompanyName], [ContactName], [ContactTitle], [Address], [City], [Region], [PostalCode], [Country], [Phone], [Fax]) VALUES (44, N'LAZYK', N'Lazy K Kountry Store', N'John Steel', N'Marketing Manager', N'12 Orchestra Terrace', N'Walla Walla', N'WA', N'99362', N'USA', N'(509) 555-7969', N'(509) 555-6221')
GO
INSERT [dbo].[Customers] ([CustomerID], [CustomerCode], [CompanyName], [ContactName], [ContactTitle], [Address], [City], [Region], [PostalCode], [Country], [Phone], [Fax]) VALUES (45, N'LEHMS', N'Lehmanns Marktstand', N'Renate Messner', N'Sales Representative', N'Magazinweg 7', N'Frankfurt a.M.', NULL, N'60528', N'Germany', N'069-0245984', N'069-0245874')
GO
INSERT [dbo].[Customers] ([CustomerID], [CustomerCode], [CompanyName], [ContactName], [ContactTitle], [Address], [City], [Region], [PostalCode], [Country], [Phone], [Fax]) VALUES (46, N'LETSS', N'Let''s Stop N Shop', N'Jaime Yorres', N'Owner', N'87 Polk St. Suite 5', N'San Francisco', N'CA', N'94117', N'USA', N'(415) 555-5938', NULL)
GO
INSERT [dbo].[Customers] ([CustomerID], [CustomerCode], [CompanyName], [ContactName], [ContactTitle], [Address], [City], [Region], [PostalCode], [Country], [Phone], [Fax]) VALUES (47, N'LILAS', N'LILA-Supermercado', N'Carlos González', N'Accounting Manager', N'Carrera 52 con Ave. Bolívar #65-98 Llano Largo', N'Barquisimeto', N'Lara', N'3508', N'Venezuela', N'(9) 331-6954', N'(9) 331-7256')
GO
INSERT [dbo].[Customers] ([CustomerID], [CustomerCode], [CompanyName], [ContactName], [ContactTitle], [Address], [City], [Region], [PostalCode], [Country], [Phone], [Fax]) VALUES (48, N'LINOD', N'LINO-Delicateses', N'Felipe Izquierdo', N'Owner', N'Ave. 5 de Mayo Porlamar', N'I. de Margarita', N'Nueva Esparta', N'4980', N'Venezuela', N'(8) 34-56-12', N'(8) 34-93-93')
GO
INSERT [dbo].[Customers] ([CustomerID], [CustomerCode], [CompanyName], [ContactName], [ContactTitle], [Address], [City], [Region], [PostalCode], [Country], [Phone], [Fax]) VALUES (49, N'LONEP', N'Lonesome Pine Restaurant', N'Fran Wilson', N'Sales Manager', N'89 Chiaroscuro Rd.', N'Portland', N'OR', N'97219', N'USA', N'(503) 555-9573', N'(503) 555-9646')
GO
INSERT [dbo].[Customers] ([CustomerID], [CustomerCode], [CompanyName], [ContactName], [ContactTitle], [Address], [City], [Region], [PostalCode], [Country], [Phone], [Fax]) VALUES (50, N'MAGAA', N'Magazzini Alimentari Riuniti', N'Giovanni Rovelli', N'Marketing Manager', N'Via Ludovico il Moro 22', N'Bergamo', NULL, N'24100', N'Italy', N'035-640230', N'035-640231')
GO
INSERT [dbo].[Customers] ([CustomerID], [CustomerCode], [CompanyName], [ContactName], [ContactTitle], [Address], [City], [Region], [PostalCode], [Country], [Phone], [Fax]) VALUES (51, N'MAISD', N'Maison Dewey', N'Catherine Dewey', N'Sales Agent', N'Rue Joseph-Bens 532', N'Bruxelles', NULL, N'B-1180', N'Belgium', N'(02) 201 24 67', N'(02) 201 24 68')
GO
INSERT [dbo].[Customers] ([CustomerID], [CustomerCode], [CompanyName], [ContactName], [ContactTitle], [Address], [City], [Region], [PostalCode], [Country], [Phone], [Fax]) VALUES (52, N'MEREP', N'Mère Paillarde', N'Jean Fresnière', N'Marketing Assistant', N'43 rue St. Laurent', N'Montréal', N'Québec', N'H1J 1C3', N'Canada', N'(514) 555-8054', N'(514) 555-8055')
GO
INSERT [dbo].[Customers] ([CustomerID], [CustomerCode], [CompanyName], [ContactName], [ContactTitle], [Address], [City], [Region], [PostalCode], [Country], [Phone], [Fax]) VALUES (53, N'MORGK', N'Morgenstern Gesundkost', N'Alexander Feuer', N'Marketing Assistant', N'Heerstr. 22', N'Leipzig', NULL, N'04179', N'Germany', N'0342-023176', NULL)
GO
INSERT [dbo].[Customers] ([CustomerID], [CustomerCode], [CompanyName], [ContactName], [ContactTitle], [Address], [City], [Region], [PostalCode], [Country], [Phone], [Fax]) VALUES (54, N'NORTS', N'North/South', N'Simon Crowther', N'Sales Associate', N'South House 300 Queensbridge', N'London', NULL, N'SW7 1RZ', N'UK', N'(171) 555-7733', N'(171) 555-2530')
GO
INSERT [dbo].[Customers] ([CustomerID], [CustomerCode], [CompanyName], [ContactName], [ContactTitle], [Address], [City], [Region], [PostalCode], [Country], [Phone], [Fax]) VALUES (55, N'OCEAN', N'Océano Atlántico Ltda.', N'Yvonne Moncada', N'Sales Agent', N'Ing. Gustavo Moncada 8585 Piso 20-A', N'Buenos Aires', NULL, N'1010', N'Argentina', N'(1) 135-5333', N'(1) 135-5535')
GO
INSERT [dbo].[Customers] ([CustomerID], [CustomerCode], [CompanyName], [ContactName], [ContactTitle], [Address], [City], [Region], [PostalCode], [Country], [Phone], [Fax]) VALUES (56, N'OLDWO', N'Old World Delicatessen', N'Rene Phillips', N'Sales Representative', N'2743 Bering St.', N'Anchorage', N'AK', N'99508', N'USA', N'(907) 555-7584', N'(907) 555-2880')
GO
INSERT [dbo].[Customers] ([CustomerID], [CustomerCode], [CompanyName], [ContactName], [ContactTitle], [Address], [City], [Region], [PostalCode], [Country], [Phone], [Fax]) VALUES (57, N'OTTIK', N'Ottilies Käseladen', N'Henriette Pfalzheim', N'Owner', N'Mehrheimerstr. 369', N'Köln', NULL, N'50739', N'Germany', N'0221-0644327', N'0221-0765721')
GO
INSERT [dbo].[Customers] ([CustomerID], [CustomerCode], [CompanyName], [ContactName], [ContactTitle], [Address], [City], [Region], [PostalCode], [Country], [Phone], [Fax]) VALUES (58, N'PARIS', N'Paris spécialités', N'Marie Bertrand', N'Owner', N'265, boulevard Charonne', N'Paris', NULL, N'75012', N'France', N'(1) 42.34.22.66', N'(1) 42.34.22.77')
GO
INSERT [dbo].[Customers] ([CustomerID], [CustomerCode], [CompanyName], [ContactName], [ContactTitle], [Address], [City], [Region], [PostalCode], [Country], [Phone], [Fax]) VALUES (59, N'PERIC', N'Pericles Comidas clásicas', N'Guillermo Fernández', N'Sales Representative', N'Calle Dr. Jorge Cash 321', N'México D.F.', NULL, N'05033', N'Mexico', N'(5) 552-3745', N'(5) 545-3745')
GO
INSERT [dbo].[Customers] ([CustomerID], [CustomerCode], [CompanyName], [ContactName], [ContactTitle], [Address], [City], [Region], [PostalCode], [Country], [Phone], [Fax]) VALUES (60, N'PICCO', N'Piccolo und mehr', N'Georg Pipps', N'Sales Manager', N'Geislweg 14', N'Salzburg', NULL, N'5020', N'Austria', N'6562-9722', N'6562-9723')
GO
INSERT [dbo].[Customers] ([CustomerID], [CustomerCode], [CompanyName], [ContactName], [ContactTitle], [Address], [City], [Region], [PostalCode], [Country], [Phone], [Fax]) VALUES (61, N'PRINI', N'Princesa Isabel Vinhos', N'Isabel de Castro', N'Sales Representative', N'Estrada da saúde n. 58', N'Lisboa', NULL, N'1756', N'Portugal', N'(1) 356-5634', NULL)
GO
INSERT [dbo].[Customers] ([CustomerID], [CustomerCode], [CompanyName], [ContactName], [ContactTitle], [Address], [City], [Region], [PostalCode], [Country], [Phone], [Fax]) VALUES (62, N'QUEDE', N'Que Delícia', N'Bernardo Batista', N'Accounting Manager', N'Rua da Panificadora, 12', N'Rio de Janeiro', N'RJ', N'02389-673', N'Brazil', N'(21) 555-4252', N'(21) 555-4545')
GO
INSERT [dbo].[Customers] ([CustomerID], [CustomerCode], [CompanyName], [ContactName], [ContactTitle], [Address], [City], [Region], [PostalCode], [Country], [Phone], [Fax]) VALUES (63, N'QUEEN', N'Queen Cozinha', N'Lúcia Carvalho', N'Marketing Assistant', N'Alameda dos Canàrios, 891', N'Sao Paulo', N'SP', N'05487-020', N'Brazil', N'(11) 555-1189', NULL)
GO
INSERT [dbo].[Customers] ([CustomerID], [CustomerCode], [CompanyName], [ContactName], [ContactTitle], [Address], [City], [Region], [PostalCode], [Country], [Phone], [Fax]) VALUES (64, N'QUICK', N'QUICK-Stop', N'Horst Kloss', N'Accounting Manager', N'Taucherstraße 10', N'Cunewalde', NULL, N'01307', N'Germany', N'0372-035188', NULL)
GO
INSERT [dbo].[Customers] ([CustomerID], [CustomerCode], [CompanyName], [ContactName], [ContactTitle], [Address], [City], [Region], [PostalCode], [Country], [Phone], [Fax]) VALUES (65, N'RANCH', N'Rancho grande', N'Sergio Gutiérrez', N'Sales Representative', N'Av. del Libertador 900', N'Buenos Aires', NULL, N'1010', N'Argentina', N'(1) 123-5555', N'(1) 123-5556')
GO
INSERT [dbo].[Customers] ([CustomerID], [CustomerCode], [CompanyName], [ContactName], [ContactTitle], [Address], [City], [Region], [PostalCode], [Country], [Phone], [Fax]) VALUES (66, N'RATTC', N'Rattlesnake Canyon Grocery', N'Paula Wilson', N'Assistant Sales Representative', N'2817 Milton Dr.', N'Albuquerque', N'NM', N'87110', N'USA', N'(505) 555-5939', N'(505) 555-3620')
GO
INSERT [dbo].[Customers] ([CustomerID], [CustomerCode], [CompanyName], [ContactName], [ContactTitle], [Address], [City], [Region], [PostalCode], [Country], [Phone], [Fax]) VALUES (67, N'REGGC', N'Reggiani Caseifici', N'Maurizio Moroni', N'Sales Associate', N'Strada Provinciale 124', N'Reggio Emilia', NULL, N'42100', N'Italy', N'0522-556721', N'0522-556722')
GO
INSERT [dbo].[Customers] ([CustomerID], [CustomerCode], [CompanyName], [ContactName], [ContactTitle], [Address], [City], [Region], [PostalCode], [Country], [Phone], [Fax]) VALUES (68, N'RICAR', N'Ricardo Adocicados', N'Janete Limeira', N'Assistant Sales Agent', N'Av. Copacabana, 267', N'Rio de Janeiro', N'RJ', N'02389-890', N'Brazil', N'(21) 555-3412', NULL)
GO
INSERT [dbo].[Customers] ([CustomerID], [CustomerCode], [CompanyName], [ContactName], [ContactTitle], [Address], [City], [Region], [PostalCode], [Country], [Phone], [Fax]) VALUES (69, N'RICSU', N'Richter Supermarkt', N'Michael Holz', N'Sales Manager', N'Grenzacherweg 237', N'Genève', NULL, N'1203', N'Switzerland', N'0897-034214', NULL)
GO
INSERT [dbo].[Customers] ([CustomerID], [CustomerCode], [CompanyName], [ContactName], [ContactTitle], [Address], [City], [Region], [PostalCode], [Country], [Phone], [Fax]) VALUES (70, N'ROMEY', N'Romero y tomillo', N'Alejandra Camino', N'Accounting Manager', N'Gran Vía, 1', N'Madrid', NULL, N'28001', N'Spain', N'(91) 745 6200', N'(91) 745 6210')
GO
INSERT [dbo].[Customers] ([CustomerID], [CustomerCode], [CompanyName], [ContactName], [ContactTitle], [Address], [City], [Region], [PostalCode], [Country], [Phone], [Fax]) VALUES (71, N'SANTG', N'Santé Gourmet', N'Jonas Bergulfsen', N'Owner', N'Erling Skakkes gate 78', N'Stavern', NULL, N'4110', N'Norway', N'07-98 92 35', N'07-98 92 47')
GO
INSERT [dbo].[Customers] ([CustomerID], [CustomerCode], [CompanyName], [ContactName], [ContactTitle], [Address], [City], [Region], [PostalCode], [Country], [Phone], [Fax]) VALUES (72, N'SAVEA', N'Save-a-lot Markets', N'Jose Pavarotti', N'Sales Representative', N'187 Suffolk Ln.', N'Boise', N'ID', N'83720', N'USA', N'(208) 555-8097', NULL)
GO
INSERT [dbo].[Customers] ([CustomerID], [CustomerCode], [CompanyName], [ContactName], [ContactTitle], [Address], [City], [Region], [PostalCode], [Country], [Phone], [Fax]) VALUES (73, N'SEVES', N'Seven Seas Imports', N'Hari Kumar', N'Sales Manager', N'90 Wadhurst Rd.', N'London', NULL, N'OX15 4NB', N'UK', N'(171) 555-1717', N'(171) 555-5646')
GO
INSERT [dbo].[Customers] ([CustomerID], [CustomerCode], [CompanyName], [ContactName], [ContactTitle], [Address], [City], [Region], [PostalCode], [Country], [Phone], [Fax]) VALUES (74, N'SIMOB', N'Simons bistro', N'Jytte Petersen', N'Owner', N'Vinbæltet 34', N'Kobenhavn', NULL, N'1734', N'Denmark', N'31 12 34 56', N'31 13 35 57')
GO
INSERT [dbo].[Customers] ([CustomerID], [CustomerCode], [CompanyName], [ContactName], [ContactTitle], [Address], [City], [Region], [PostalCode], [Country], [Phone], [Fax]) VALUES (75, N'SPECD', N'Spécialités du monde', N'Dominique Perrier', N'Marketing Manager', N'25, rue Lauriston', N'Paris', NULL, N'75016', N'France', N'(1) 47.55.60.10', N'(1) 47.55.60.20')
GO
INSERT [dbo].[Customers] ([CustomerID], [CustomerCode], [CompanyName], [ContactName], [ContactTitle], [Address], [City], [Region], [PostalCode], [Country], [Phone], [Fax]) VALUES (76, N'SPLIR', N'Split Rail Beer & Ale', N'Art Braunschweiger', N'Sales Manager', N'P.O. Box 555', N'Lander', N'WY', N'82520', N'USA', N'(307) 555-4680', N'(307) 555-6525')
GO
INSERT [dbo].[Customers] ([CustomerID], [CustomerCode], [CompanyName], [ContactName], [ContactTitle], [Address], [City], [Region], [PostalCode], [Country], [Phone], [Fax]) VALUES (77, N'SUPRD', N'Suprêmes délices', N'Pascale Cartrain', N'Accounting Manager', N'Boulevard Tirou, 255', N'Charleroi', NULL, N'B-6000', N'Belgium', N'(071) 23 67 22 20', N'(071) 23 67 22 21')
GO
INSERT [dbo].[Customers] ([CustomerID], [CustomerCode], [CompanyName], [ContactName], [ContactTitle], [Address], [City], [Region], [PostalCode], [Country], [Phone], [Fax]) VALUES (78, N'THEBI', N'The Big Cheese', N'Liz Nixon', N'Marketing Manager', N'89 Jefferson Way Suite 2', N'Portland', N'OR', N'97201', N'USA', N'(503) 555-3612', NULL)
GO
INSERT [dbo].[Customers] ([CustomerID], [CustomerCode], [CompanyName], [ContactName], [ContactTitle], [Address], [City], [Region], [PostalCode], [Country], [Phone], [Fax]) VALUES (79, N'THECR', N'The Cracker Box', N'Liu Wong', N'Marketing Assistant', N'55 Grizzly Peak Rd.', N'Butte', N'MT', N'59801', N'USA', N'(406) 555-5834', N'(406) 555-8083')
GO
INSERT [dbo].[Customers] ([CustomerID], [CustomerCode], [CompanyName], [ContactName], [ContactTitle], [Address], [City], [Region], [PostalCode], [Country], [Phone], [Fax]) VALUES (80, N'TOMSP', N'Toms Spezialitäten', N'Karin Josephs', N'Marketing Manager', N'Luisenstr. 48', N'Münster', NULL, N'44087', N'Germany', N'0251-031259', N'0251-035695')
GO
INSERT [dbo].[Customers] ([CustomerID], [CustomerCode], [CompanyName], [ContactName], [ContactTitle], [Address], [City], [Region], [PostalCode], [Country], [Phone], [Fax]) VALUES (81, N'TORTU', N'Tortuga Restaurante', N'Miguel Angel Paolino', N'Owner', N'Avda. Azteca 123', N'México D.F.', NULL, N'05033', N'Mexico', N'(5) 555-2933', NULL)
GO
INSERT [dbo].[Customers] ([CustomerID], [CustomerCode], [CompanyName], [ContactName], [ContactTitle], [Address], [City], [Region], [PostalCode], [Country], [Phone], [Fax]) VALUES (82, N'TRADH', N'Tradição Hipermercados', N'Anabela Domingues', N'Sales Representative', N'Av. Inês de Castro, 414', N'Sao Paulo', N'SP', N'05634-030', N'Brazil', N'(11) 555-2167', N'(11) 555-2168')
GO
INSERT [dbo].[Customers] ([CustomerID], [CustomerCode], [CompanyName], [ContactName], [ContactTitle], [Address], [City], [Region], [PostalCode], [Country], [Phone], [Fax]) VALUES (83, N'TRAIH', N'Trail''s Head Gourmet Provisioners', N'Helvetius Nagy', N'Sales Associate', N'722 DaVinci Blvd.', N'Kirkland', N'WA', N'98034', N'USA', N'(206) 555-8257', N'(206) 555-2174')
GO
INSERT [dbo].[Customers] ([CustomerID], [CustomerCode], [CompanyName], [ContactName], [ContactTitle], [Address], [City], [Region], [PostalCode], [Country], [Phone], [Fax]) VALUES (84, N'VAFFE', N'Vaffeljernet', N'Palle Ibsen', N'Sales Manager', N'Smagsloget 45', N'Århus', NULL, N'8200', N'Denmark', N'86 21 32 43', N'86 22 33 44')
GO
INSERT [dbo].[Customers] ([CustomerID], [CustomerCode], [CompanyName], [ContactName], [ContactTitle], [Address], [City], [Region], [PostalCode], [Country], [Phone], [Fax]) VALUES (85, N'VICTE', N'Victuailles en stock', N'Mary Saveley', N'Sales Agent', N'2, rue du Commerce', N'Lyon', NULL, N'69004', N'France', N'78.32.54.86', N'78.32.54.87')
GO
INSERT [dbo].[Customers] ([CustomerID], [CustomerCode], [CompanyName], [ContactName], [ContactTitle], [Address], [City], [Region], [PostalCode], [Country], [Phone], [Fax]) VALUES (86, N'VINET', N'Vins et alcools Chevalier', N'Paul Henriot', N'Accounting Manager', N'59 rue de l''Abbaye', N'Reims', NULL, N'51100', N'France', N'26.47.15.10', N'26.47.15.11')
GO
INSERT [dbo].[Customers] ([CustomerID], [CustomerCode], [CompanyName], [ContactName], [ContactTitle], [Address], [City], [Region], [PostalCode], [Country], [Phone], [Fax]) VALUES (87, N'WANDK', N'Die Wandernde Kuh', N'Rita Müller', N'Sales Representative', N'Adenauerallee 900', N'Stuttgart', NULL, N'70563', N'Germany', N'0711-020361', N'0711-035428')
GO
INSERT [dbo].[Customers] ([CustomerID], [CustomerCode], [CompanyName], [ContactName], [ContactTitle], [Address], [City], [Region], [PostalCode], [Country], [Phone], [Fax]) VALUES (88, N'WARTH', N'Wartian Herkku', N'Pirkko Koskitalo', N'Accounting Manager', N'Torikatu 38', N'Oulu', NULL, N'90110', N'Finland', N'981-443655', N'981-443655')
GO
INSERT [dbo].[Customers] ([CustomerID], [CustomerCode], [CompanyName], [ContactName], [ContactTitle], [Address], [City], [Region], [PostalCode], [Country], [Phone], [Fax]) VALUES (89, N'WELLI', N'Wellington Importadora', N'Paula Parente', N'Sales Manager', N'Rua do Mercado, 12', N'Resende', N'SP', N'08737-363', N'Brazil', N'(14) 555-8122', NULL)
GO
INSERT [dbo].[Customers] ([CustomerID], [CustomerCode], [CompanyName], [ContactName], [ContactTitle], [Address], [City], [Region], [PostalCode], [Country], [Phone], [Fax]) VALUES (90, N'WHITC', N'White Clover Markets', N'Karl Jablonski', N'Owner', N'305 - 14th Ave. S. Suite 3B', N'Seattle', N'WA', N'98128', N'USA', N'(206) 555-4112', N'(206) 555-4115')
GO
INSERT [dbo].[Customers] ([CustomerID], [CustomerCode], [CompanyName], [ContactName], [ContactTitle], [Address], [City], [Region], [PostalCode], [Country], [Phone], [Fax]) VALUES (91, N'WILMK', N'Wilman Kala', N'Matti Karttunen', N'Owner/Marketing Assistant', N'Keskuskatu 45', N'Helsinki', NULL, N'21240', N'Finland', N'90-224 8858', N'90-224 8858')
GO
INSERT [dbo].[Customers] ([CustomerID], [CustomerCode], [CompanyName], [ContactName], [ContactTitle], [Address], [City], [Region], [PostalCode], [Country], [Phone], [Fax]) VALUES (92, N'WOLZA', N'Wolski  Zajazd', N'Zbyszek Piestrzeniewicz', N'Owner', N'ul. Filtrowa 68', N'Warszawa', NULL, N'01-012', N'Poland', N'(26) 642-7012', N'(26) 642-7012')
GO
SET IDENTITY_INSERT [dbo].[Customers] OFF
GO
SET IDENTITY_INSERT [dbo].[Orders] ON 
GO
INSERT [dbo].[Orders] ([OrderID], [CustomerID], [OrderDate], [RequiredDate], [ShippedDate], [ShipVia], [Freight], [ShipName], [ShipAddress], [ShipCity], [ShipRegion], [ShipPostalCode], [ShipCountry]) VALUES (1, 86, CAST(N'1996-07-04T00:00:00.000' AS DateTime), CAST(N'1996-08-01T00:00:00.000' AS DateTime), CAST(N'2024-06-06T06:02:42.573' AS DateTime), 3, 32.3800, N'Vins et alcools Chevalier', N'59 rue de l''Abbaye', N'Reims', NULL, N'51100', N'France')
GO
SET IDENTITY_INSERT [dbo].[Orders] OFF
GO
SET IDENTITY_INSERT [dbo].[Suppliers] ON 
GO
INSERT [dbo].[Suppliers] ([SupplierID], [CompanyName], [ContactName], [ContactTitle], [Address], [City], [Region], [PostalCode], [Country], [Phone], [Fax], [HomePage]) VALUES (1, N'Exotic Liquids', N'Charlotte Cooper', N'Purchasing Manager', N'49 Gilbert St.', N'London', NULL, N'EC1 4SD', N'UK', N'(171) 555-2222', NULL, NULL)
GO
INSERT [dbo].[Suppliers] ([SupplierID], [CompanyName], [ContactName], [ContactTitle], [Address], [City], [Region], [PostalCode], [Country], [Phone], [Fax], [HomePage]) VALUES (2, N'New Orleans Cajun Delights', N'Shelley Burke', N'Order Administrator', N'P.O. Box 78934', N'New Orleans', N'LA', N'70117', N'USA', N'(100) 555-4822', NULL, N'#CAJUN.HTM#')
GO
INSERT [dbo].[Suppliers] ([SupplierID], [CompanyName], [ContactName], [ContactTitle], [Address], [City], [Region], [PostalCode], [Country], [Phone], [Fax], [HomePage]) VALUES (3, N'Grandma Kelly''s Homestead', N'Regina Murphy', N'Sales Representative', N'707 Oxford Rd.', N'Ann Arbor', N'MI', N'48104', N'USA', N'(313) 555-5735', N'(313) 555-3349', NULL)
GO
INSERT [dbo].[Suppliers] ([SupplierID], [CompanyName], [ContactName], [ContactTitle], [Address], [City], [Region], [PostalCode], [Country], [Phone], [Fax], [HomePage]) VALUES (4, N'Tokyo Traders', N'Yoshi Nagase', N'Marketing Manager', N'9-8 Sekimai Musashino-shi', N'Tokyo', NULL, N'100', N'Japan', N'(03) 3555-5011', NULL, NULL)
GO
INSERT [dbo].[Suppliers] ([SupplierID], [CompanyName], [ContactName], [ContactTitle], [Address], [City], [Region], [PostalCode], [Country], [Phone], [Fax], [HomePage]) VALUES (5, N'Cooperativa de Quesos ''Las Cabras''', N'Antonio del Valle Saavedra', N'Export Administrator', N'Calle del Rosal 4', N'Oviedo', N'Asturias', N'33007', N'Spain', N'(98) 598 76 54', NULL, NULL)
GO
INSERT [dbo].[Suppliers] ([SupplierID], [CompanyName], [ContactName], [ContactTitle], [Address], [City], [Region], [PostalCode], [Country], [Phone], [Fax], [HomePage]) VALUES (6, N'Mayumi''s', N'Mayumi Ohno', N'Marketing Representative', N'92 Setsuko Chuo-ku', N'Osaka', NULL, N'545', N'Japan', N'(06) 431-7877', NULL, N'Mayumi''s (on the World Wide Web)#http://www.microsoft.com/accessdev/sampleapps/mayumi.htm#')
GO
INSERT [dbo].[Suppliers] ([SupplierID], [CompanyName], [ContactName], [ContactTitle], [Address], [City], [Region], [PostalCode], [Country], [Phone], [Fax], [HomePage]) VALUES (7, N'Pavlova, Ltd.', N'Ian Devling', N'Marketing Manager', N'74 Rose St. Moonie Ponds', N'Melbourne', N'Victoria', N'3058', N'Australia', N'(03) 444-2343', N'(03) 444-6588', NULL)
GO
INSERT [dbo].[Suppliers] ([SupplierID], [CompanyName], [ContactName], [ContactTitle], [Address], [City], [Region], [PostalCode], [Country], [Phone], [Fax], [HomePage]) VALUES (8, N'Specialty Biscuits, Ltd.', N'Peter Wilson', N'Sales Representative', N'29 King''s Way', N'Manchester', NULL, N'M14 GSD', N'UK', N'(161) 555-4448', NULL, NULL)
GO
INSERT [dbo].[Suppliers] ([SupplierID], [CompanyName], [ContactName], [ContactTitle], [Address], [City], [Region], [PostalCode], [Country], [Phone], [Fax], [HomePage]) VALUES (9, N'PB Knäckebröd AB', N'Lars Peterson', N'Sales Agent', N'Kaloadagatan 13', N'Göteborg', NULL, N'S-345 67', N'Sweden', N'031-987 65 43', N'031-987 65 91', NULL)
GO
INSERT [dbo].[Suppliers] ([SupplierID], [CompanyName], [ContactName], [ContactTitle], [Address], [City], [Region], [PostalCode], [Country], [Phone], [Fax], [HomePage]) VALUES (10, N'Refrescos Americanas LTDA', N'Carlos Diaz', N'Marketing Manager', N'Av. das Americanas 12.890', N'Sao Paulo', NULL, N'5442', N'Brazil', N'(11) 555 4640', NULL, NULL)
GO
INSERT [dbo].[Suppliers] ([SupplierID], [CompanyName], [ContactName], [ContactTitle], [Address], [City], [Region], [PostalCode], [Country], [Phone], [Fax], [HomePage]) VALUES (11, N'Heli Süßwaren GmbH & Co. KG', N'Petra Winkler', N'Sales Manager', N'Tiergartenstraße 5', N'Berlin', NULL, N'10785', N'Germany', N'(010) 9984510', NULL, NULL)
GO
INSERT [dbo].[Suppliers] ([SupplierID], [CompanyName], [ContactName], [ContactTitle], [Address], [City], [Region], [PostalCode], [Country], [Phone], [Fax], [HomePage]) VALUES (12, N'Plutzer Lebensmittelgroßmärkte AG', N'Martin Bein', N'International Marketing Mgr.', N'Bogenallee 51', N'Frankfurt', NULL, N'60439', N'Germany', N'(069) 992755', NULL, N'Plutzer (on the World Wide Web)#http://www.microsoft.com/accessdev/sampleapps/plutzer.htm#')
GO
INSERT [dbo].[Suppliers] ([SupplierID], [CompanyName], [ContactName], [ContactTitle], [Address], [City], [Region], [PostalCode], [Country], [Phone], [Fax], [HomePage]) VALUES (13, N'Nord-Ost-Fisch Handelsgesellschaft mbH', N'Sven Petersen', N'Coordinator Foreign Markets', N'Frahmredder 112a', N'Cuxhaven', NULL, N'27478', N'Germany', N'(04721) 8713', N'(04721) 8714', NULL)
GO
INSERT [dbo].[Suppliers] ([SupplierID], [CompanyName], [ContactName], [ContactTitle], [Address], [City], [Region], [PostalCode], [Country], [Phone], [Fax], [HomePage]) VALUES (14, N'Formaggi Fortini s.r.l.', N'Elio Rossi', N'Sales Representative', N'Viale Dante, 75', N'Ravenna', NULL, N'48100', N'Italy', N'(0544) 60323', N'(0544) 60603', N'#FORMAGGI.HTM#')
GO
INSERT [dbo].[Suppliers] ([SupplierID], [CompanyName], [ContactName], [ContactTitle], [Address], [City], [Region], [PostalCode], [Country], [Phone], [Fax], [HomePage]) VALUES (15, N'Norske Meierier', N'Beate Vileid', N'Marketing Manager', N'Hatlevegen 5', N'Sandvika', NULL, N'1320', N'Norway', N'(0)2-953010', NULL, NULL)
GO
INSERT [dbo].[Suppliers] ([SupplierID], [CompanyName], [ContactName], [ContactTitle], [Address], [City], [Region], [PostalCode], [Country], [Phone], [Fax], [HomePage]) VALUES (16, N'Bigfoot Breweries', N'Cheryl Saylor', N'Regional Account Rep.', N'3400 - 8th Avenue Suite 210', N'Bend', N'OR', N'97101', N'USA', N'(503) 555-9931', NULL, NULL)
GO
INSERT [dbo].[Suppliers] ([SupplierID], [CompanyName], [ContactName], [ContactTitle], [Address], [City], [Region], [PostalCode], [Country], [Phone], [Fax], [HomePage]) VALUES (17, N'Svensk Sjöföda AB', N'Michael Björn', N'Sales Representative', N'Brovallavägen 231', N'Stockholm', NULL, N'S-123 45', N'Sweden', N'08-123 45 67', NULL, NULL)
GO
INSERT [dbo].[Suppliers] ([SupplierID], [CompanyName], [ContactName], [ContactTitle], [Address], [City], [Region], [PostalCode], [Country], [Phone], [Fax], [HomePage]) VALUES (18, N'Aux joyeux ecclésiastiques', N'Guylène Nodier', N'Sales Manager', N'203, Rue des Francs-Bourgeois', N'Paris', NULL, N'75004', N'France', N'(1) 03.83.00.68', N'(1) 03.83.00.62', NULL)
GO
INSERT [dbo].[Suppliers] ([SupplierID], [CompanyName], [ContactName], [ContactTitle], [Address], [City], [Region], [PostalCode], [Country], [Phone], [Fax], [HomePage]) VALUES (19, N'New England Seafood Cannery', N'Robb Merchant', N'Wholesale Account Agent', N'Order Processing Dept. 2100 Paul Revere Blvd.', N'Boston', N'MA', N'02134', N'USA', N'(617) 555-3267', N'(617) 555-3389', NULL)
GO
INSERT [dbo].[Suppliers] ([SupplierID], [CompanyName], [ContactName], [ContactTitle], [Address], [City], [Region], [PostalCode], [Country], [Phone], [Fax], [HomePage]) VALUES (20, N'Leka Trading', N'Chandra Leka', N'Owner', N'471 Serangoon Loop, Suite #402', N'Singapore', NULL, N'0512', N'Singapore', N'555-8787', NULL, NULL)
GO
INSERT [dbo].[Suppliers] ([SupplierID], [CompanyName], [ContactName], [ContactTitle], [Address], [City], [Region], [PostalCode], [Country], [Phone], [Fax], [HomePage]) VALUES (21, N'Lyngbysild', N'Niels Petersen', N'Sales Manager', N'Lyngbysild Fiskebakken 10', N'Lyngby', NULL, N'2800', N'Denmark', N'43844108', N'43844115', NULL)
GO
INSERT [dbo].[Suppliers] ([SupplierID], [CompanyName], [ContactName], [ContactTitle], [Address], [City], [Region], [PostalCode], [Country], [Phone], [Fax], [HomePage]) VALUES (22, N'Zaanse Snoepfabriek', N'Dirk Luchte', N'Accounting Manager', N'Verkoop Rijnweg 22', N'Zaandam', NULL, N'9999 ZZ', N'Netherlands', N'(12345) 1212', N'(12345) 1210', NULL)
GO
INSERT [dbo].[Suppliers] ([SupplierID], [CompanyName], [ContactName], [ContactTitle], [Address], [City], [Region], [PostalCode], [Country], [Phone], [Fax], [HomePage]) VALUES (23, N'Karkki Oy', N'Anne Heikkonen', N'Product Manager', N'Valtakatu 12', N'Lappeenranta', NULL, N'53120', N'Finland', N'(953) 10956', NULL, NULL)
GO
INSERT [dbo].[Suppliers] ([SupplierID], [CompanyName], [ContactName], [ContactTitle], [Address], [City], [Region], [PostalCode], [Country], [Phone], [Fax], [HomePage]) VALUES (24, N'G''day, Mate', N'Wendy Mackenzie', N'Sales Representative', N'170 Prince Edward Parade Hunter''s Hill', N'Sydney', N'NSW', N'2042', N'Australia', N'(02) 555-5914', N'(02) 555-4873', N'G''day Mate (on the World Wide Web)#http://www.microsoft.com/accessdev/sampleapps/gdaymate.htm#')
GO
INSERT [dbo].[Suppliers] ([SupplierID], [CompanyName], [ContactName], [ContactTitle], [Address], [City], [Region], [PostalCode], [Country], [Phone], [Fax], [HomePage]) VALUES (25, N'Ma Maison', N'Jean-Guy Lauzon', N'Marketing Manager', N'2960 Rue St. Laurent', N'Montréal', N'Québec', N'H1J 1C3', N'Canada', N'(514) 555-9022', NULL, NULL)
GO
INSERT [dbo].[Suppliers] ([SupplierID], [CompanyName], [ContactName], [ContactTitle], [Address], [City], [Region], [PostalCode], [Country], [Phone], [Fax], [HomePage]) VALUES (26, N'Pasta Buttini s.r.l.', N'Giovanni Giudici', N'Order Administrator', N'Via dei Gelsomini, 153', N'Salerno', NULL, N'84100', N'Italy', N'(089) 6547665', N'(089) 6547667', NULL)
GO
INSERT [dbo].[Suppliers] ([SupplierID], [CompanyName], [ContactName], [ContactTitle], [Address], [City], [Region], [PostalCode], [Country], [Phone], [Fax], [HomePage]) VALUES (27, N'Escargots Nouveaux', N'Marie Delamare', N'Sales Manager', N'22, rue H. Voiron', N'Montceau', NULL, N'71300', N'France', N'85.57.00.07', NULL, NULL)
GO
INSERT [dbo].[Suppliers] ([SupplierID], [CompanyName], [ContactName], [ContactTitle], [Address], [City], [Region], [PostalCode], [Country], [Phone], [Fax], [HomePage]) VALUES (28, N'Gai pâturage', N'Eliane Noz', N'Sales Representative', N'Bat. B 3, rue des Alpes', N'Annecy', NULL, N'74000', N'France', N'38.76.98.06', N'38.76.98.58', NULL)
GO
INSERT [dbo].[Suppliers] ([SupplierID], [CompanyName], [ContactName], [ContactTitle], [Address], [City], [Region], [PostalCode], [Country], [Phone], [Fax], [HomePage]) VALUES (29, N'Forêts d''érables', N'Chantal Goulet', N'Accounting Manager', N'148 rue Chasseur', N'Ste-Hyacinthe', N'Québec', N'J2S 7S8', N'Canada', N'(514) 555-2955', N'(514) 555-2921', NULL)
GO
SET IDENTITY_INSERT [dbo].[Suppliers] OFF
GO
SET IDENTITY_INSERT [dbo].[Products] ON 
GO
INSERT [dbo].[Products] ([ProductID], [ProductName], [SupplierID], [CategoryID], [QuantityPerUnit], [UnitPrice], [UnitsInStock], [UnitsOnOrder], [ReorderLevel], [Discontinued]) VALUES (1, N'Chai', 1, 1, N'10 boxes x 20 bags', 18.0000, 39, 0, 10, 0)
GO
INSERT [dbo].[Products] ([ProductID], [ProductName], [SupplierID], [CategoryID], [QuantityPerUnit], [UnitPrice], [UnitsInStock], [UnitsOnOrder], [ReorderLevel], [Discontinued]) VALUES (2, N'Chang', 1, 1, N'24 - 12 oz bottles', 19.0000, 17, 40, 25, 0)
GO
INSERT [dbo].[Products] ([ProductID], [ProductName], [SupplierID], [CategoryID], [QuantityPerUnit], [UnitPrice], [UnitsInStock], [UnitsOnOrder], [ReorderLevel], [Discontinued]) VALUES (3, N'Aniseed Syrup', 1, 2, N'12 - 550 ml bottles', 10.0000, 13, 70, 25, 0)
GO
INSERT [dbo].[Products] ([ProductID], [ProductName], [SupplierID], [CategoryID], [QuantityPerUnit], [UnitPrice], [UnitsInStock], [UnitsOnOrder], [ReorderLevel], [Discontinued]) VALUES (4, N'Chef Anton''s Cajun Seasoning', 2, 2, N'48 - 6 oz jars', 22.0000, 53, 0, 0, 0)
GO
INSERT [dbo].[Products] ([ProductID], [ProductName], [SupplierID], [CategoryID], [QuantityPerUnit], [UnitPrice], [UnitsInStock], [UnitsOnOrder], [ReorderLevel], [Discontinued]) VALUES (5, N'Chef Anton''s Gumbo Mix', 2, 2, N'36 boxes', 21.3500, 0, 0, 0, 1)
GO
INSERT [dbo].[Products] ([ProductID], [ProductName], [SupplierID], [CategoryID], [QuantityPerUnit], [UnitPrice], [UnitsInStock], [UnitsOnOrder], [ReorderLevel], [Discontinued]) VALUES (6, N'Grandma''s Boysenberry Spread', 3, 2, N'12 - 8 oz jars', 25.0000, 120, 0, 25, 0)
GO
INSERT [dbo].[Products] ([ProductID], [ProductName], [SupplierID], [CategoryID], [QuantityPerUnit], [UnitPrice], [UnitsInStock], [UnitsOnOrder], [ReorderLevel], [Discontinued]) VALUES (7, N'Uncle Bob''s Organic Dried Pears', 3, 7, N'12 - 1 lb pkgs.', 30.0000, 15, 0, 10, 0)
GO
INSERT [dbo].[Products] ([ProductID], [ProductName], [SupplierID], [CategoryID], [QuantityPerUnit], [UnitPrice], [UnitsInStock], [UnitsOnOrder], [ReorderLevel], [Discontinued]) VALUES (8, N'Northwoods Cranberry Sauce', 3, 2, N'12 - 12 oz jars', 40.0000, 6, 0, 0, 0)
GO
INSERT [dbo].[Products] ([ProductID], [ProductName], [SupplierID], [CategoryID], [QuantityPerUnit], [UnitPrice], [UnitsInStock], [UnitsOnOrder], [ReorderLevel], [Discontinued]) VALUES (9, N'Mishi Kobe Niku', 4, 6, N'18 - 500 g pkgs.', 97.0000, 29, 0, 0, 1)
GO
INSERT [dbo].[Products] ([ProductID], [ProductName], [SupplierID], [CategoryID], [QuantityPerUnit], [UnitPrice], [UnitsInStock], [UnitsOnOrder], [ReorderLevel], [Discontinued]) VALUES (10, N'Ikura', 4, 8, N'12 - 200 ml jars', 31.0000, 31, 0, 0, 0)
GO
INSERT [dbo].[Products] ([ProductID], [ProductName], [SupplierID], [CategoryID], [QuantityPerUnit], [UnitPrice], [UnitsInStock], [UnitsOnOrder], [ReorderLevel], [Discontinued]) VALUES (11, N'Queso Cabrales', 5, 4, N'1 kg pkg.', 21.0000, 22, 30, 30, 0)
GO
INSERT [dbo].[Products] ([ProductID], [ProductName], [SupplierID], [CategoryID], [QuantityPerUnit], [UnitPrice], [UnitsInStock], [UnitsOnOrder], [ReorderLevel], [Discontinued]) VALUES (12, N'Queso Manchego La Pastora', 5, 4, N'10 - 500 g pkgs.', 38.0000, 86, 0, 0, 0)
GO
INSERT [dbo].[Products] ([ProductID], [ProductName], [SupplierID], [CategoryID], [QuantityPerUnit], [UnitPrice], [UnitsInStock], [UnitsOnOrder], [ReorderLevel], [Discontinued]) VALUES (13, N'Konbu', 6, 8, N'2 kg box', 6.0000, 24, 0, 5, 0)
GO
INSERT [dbo].[Products] ([ProductID], [ProductName], [SupplierID], [CategoryID], [QuantityPerUnit], [UnitPrice], [UnitsInStock], [UnitsOnOrder], [ReorderLevel], [Discontinued]) VALUES (14, N'Tofu', 6, 7, N'40 - 100 g pkgs.', 23.2500, 35, 0, 0, 0)
GO
INSERT [dbo].[Products] ([ProductID], [ProductName], [SupplierID], [CategoryID], [QuantityPerUnit], [UnitPrice], [UnitsInStock], [UnitsOnOrder], [ReorderLevel], [Discontinued]) VALUES (15, N'Genen Shouyu', 6, 2, N'24 - 250 ml bottles', 15.5000, 39, 0, 5, 0)
GO
INSERT [dbo].[Products] ([ProductID], [ProductName], [SupplierID], [CategoryID], [QuantityPerUnit], [UnitPrice], [UnitsInStock], [UnitsOnOrder], [ReorderLevel], [Discontinued]) VALUES (16, N'Pavlova', 7, 3, N'32 - 500 g boxes', 17.4500, 29, 0, 10, 0)
GO
INSERT [dbo].[Products] ([ProductID], [ProductName], [SupplierID], [CategoryID], [QuantityPerUnit], [UnitPrice], [UnitsInStock], [UnitsOnOrder], [ReorderLevel], [Discontinued]) VALUES (17, N'Alice Mutton', 7, 6, N'20 - 1 kg tins', 39.0000, 0, 0, 0, 1)
GO
INSERT [dbo].[Products] ([ProductID], [ProductName], [SupplierID], [CategoryID], [QuantityPerUnit], [UnitPrice], [UnitsInStock], [UnitsOnOrder], [ReorderLevel], [Discontinued]) VALUES (18, N'Carnarvon Tigers', 7, 8, N'16 kg pkg.', 62.5000, 42, 0, 0, 0)
GO
INSERT [dbo].[Products] ([ProductID], [ProductName], [SupplierID], [CategoryID], [QuantityPerUnit], [UnitPrice], [UnitsInStock], [UnitsOnOrder], [ReorderLevel], [Discontinued]) VALUES (19, N'Teatime Chocolate Biscuits', 8, 3, N'10 boxes x 12 pieces', 9.2000, 25, 0, 5, 0)
GO
INSERT [dbo].[Products] ([ProductID], [ProductName], [SupplierID], [CategoryID], [QuantityPerUnit], [UnitPrice], [UnitsInStock], [UnitsOnOrder], [ReorderLevel], [Discontinued]) VALUES (20, N'Sir Rodney''s Marmalade', 8, 3, N'30 gift boxes', 81.0000, 40, 0, 0, 0)
GO
INSERT [dbo].[Products] ([ProductID], [ProductName], [SupplierID], [CategoryID], [QuantityPerUnit], [UnitPrice], [UnitsInStock], [UnitsOnOrder], [ReorderLevel], [Discontinued]) VALUES (21, N'Sir Rodney''s Scones', 8, 3, N'24 pkgs. x 4 pieces', 10.0000, 3, 40, 5, 0)
GO
INSERT [dbo].[Products] ([ProductID], [ProductName], [SupplierID], [CategoryID], [QuantityPerUnit], [UnitPrice], [UnitsInStock], [UnitsOnOrder], [ReorderLevel], [Discontinued]) VALUES (22, N'Gustaf''s Knäckebröd', 9, 5, N'24 - 500 g pkgs.', 21.0000, 104, 0, 25, 0)
GO
INSERT [dbo].[Products] ([ProductID], [ProductName], [SupplierID], [CategoryID], [QuantityPerUnit], [UnitPrice], [UnitsInStock], [UnitsOnOrder], [ReorderLevel], [Discontinued]) VALUES (23, N'Tunnbröd', 9, 5, N'12 - 250 g pkgs.', 9.0000, 61, 0, 25, 0)
GO
INSERT [dbo].[Products] ([ProductID], [ProductName], [SupplierID], [CategoryID], [QuantityPerUnit], [UnitPrice], [UnitsInStock], [UnitsOnOrder], [ReorderLevel], [Discontinued]) VALUES (24, N'Guaraná Fantástica', 10, 1, N'12 - 355 ml cans', 4.5000, 20, 0, 0, 1)
GO
INSERT [dbo].[Products] ([ProductID], [ProductName], [SupplierID], [CategoryID], [QuantityPerUnit], [UnitPrice], [UnitsInStock], [UnitsOnOrder], [ReorderLevel], [Discontinued]) VALUES (25, N'NuNuCa Nuß-Nougat-Creme', 11, 3, N'20 - 450 g glasses', 14.0000, 76, 0, 30, 0)
GO
INSERT [dbo].[Products] ([ProductID], [ProductName], [SupplierID], [CategoryID], [QuantityPerUnit], [UnitPrice], [UnitsInStock], [UnitsOnOrder], [ReorderLevel], [Discontinued]) VALUES (26, N'Gumbär Gummibärchen', 11, 3, N'100 - 250 g bags', 31.2300, 15, 0, 0, 0)
GO
INSERT [dbo].[Products] ([ProductID], [ProductName], [SupplierID], [CategoryID], [QuantityPerUnit], [UnitPrice], [UnitsInStock], [UnitsOnOrder], [ReorderLevel], [Discontinued]) VALUES (27, N'Schoggi Schokolade', 11, 3, N'100 - 100 g pieces', 43.9000, 49, 0, 30, 0)
GO
INSERT [dbo].[Products] ([ProductID], [ProductName], [SupplierID], [CategoryID], [QuantityPerUnit], [UnitPrice], [UnitsInStock], [UnitsOnOrder], [ReorderLevel], [Discontinued]) VALUES (28, N'Rössle Sauerkraut', 12, 7, N'25 - 825 g cans', 45.6000, 26, 0, 0, 1)
GO
INSERT [dbo].[Products] ([ProductID], [ProductName], [SupplierID], [CategoryID], [QuantityPerUnit], [UnitPrice], [UnitsInStock], [UnitsOnOrder], [ReorderLevel], [Discontinued]) VALUES (29, N'Thüringer Rostbratwurst', 12, 6, N'50 bags x 30 sausgs.', 123.7900, 0, 0, 0, 1)
GO
INSERT [dbo].[Products] ([ProductID], [ProductName], [SupplierID], [CategoryID], [QuantityPerUnit], [UnitPrice], [UnitsInStock], [UnitsOnOrder], [ReorderLevel], [Discontinued]) VALUES (30, N'Nord-Ost Matjeshering', 13, 8, N'10 - 200 g glasses', 25.8900, 10, 0, 15, 0)
GO
INSERT [dbo].[Products] ([ProductID], [ProductName], [SupplierID], [CategoryID], [QuantityPerUnit], [UnitPrice], [UnitsInStock], [UnitsOnOrder], [ReorderLevel], [Discontinued]) VALUES (31, N'Gorgonzola Telino', 14, 4, N'12 - 100 g pkgs', 12.5000, 0, 70, 20, 0)
GO
INSERT [dbo].[Products] ([ProductID], [ProductName], [SupplierID], [CategoryID], [QuantityPerUnit], [UnitPrice], [UnitsInStock], [UnitsOnOrder], [ReorderLevel], [Discontinued]) VALUES (32, N'Mascarpone Fabioli', 14, 4, N'24 - 200 g pkgs.', 32.0000, 9, 40, 25, 0)
GO
INSERT [dbo].[Products] ([ProductID], [ProductName], [SupplierID], [CategoryID], [QuantityPerUnit], [UnitPrice], [UnitsInStock], [UnitsOnOrder], [ReorderLevel], [Discontinued]) VALUES (33, N'Geitost', 15, 4, N'500 g', 2.5000, 112, 0, 20, 0)
GO
INSERT [dbo].[Products] ([ProductID], [ProductName], [SupplierID], [CategoryID], [QuantityPerUnit], [UnitPrice], [UnitsInStock], [UnitsOnOrder], [ReorderLevel], [Discontinued]) VALUES (34, N'Sasquatch Ale', 16, 1, N'24 - 12 oz bottles', 14.0000, 111, 0, 15, 0)
GO
INSERT [dbo].[Products] ([ProductID], [ProductName], [SupplierID], [CategoryID], [QuantityPerUnit], [UnitPrice], [UnitsInStock], [UnitsOnOrder], [ReorderLevel], [Discontinued]) VALUES (35, N'Steeleye Stout', 16, 1, N'24 - 12 oz bottles', 18.0000, 20, 0, 15, 0)
GO
INSERT [dbo].[Products] ([ProductID], [ProductName], [SupplierID], [CategoryID], [QuantityPerUnit], [UnitPrice], [UnitsInStock], [UnitsOnOrder], [ReorderLevel], [Discontinued]) VALUES (36, N'Inlagd Sill', 17, 8, N'24 - 250 g  jars', 19.0000, 112, 0, 20, 0)
GO
INSERT [dbo].[Products] ([ProductID], [ProductName], [SupplierID], [CategoryID], [QuantityPerUnit], [UnitPrice], [UnitsInStock], [UnitsOnOrder], [ReorderLevel], [Discontinued]) VALUES (37, N'Gravad lax', 17, 8, N'12 - 500 g pkgs.', 26.0000, 11, 50, 25, 0)
GO
INSERT [dbo].[Products] ([ProductID], [ProductName], [SupplierID], [CategoryID], [QuantityPerUnit], [UnitPrice], [UnitsInStock], [UnitsOnOrder], [ReorderLevel], [Discontinued]) VALUES (38, N'Côte de Blaye', 18, 1, N'12 - 75 cl bottles', 263.5000, 17, 0, 15, 0)
GO
INSERT [dbo].[Products] ([ProductID], [ProductName], [SupplierID], [CategoryID], [QuantityPerUnit], [UnitPrice], [UnitsInStock], [UnitsOnOrder], [ReorderLevel], [Discontinued]) VALUES (39, N'Chartreuse verte', 18, 1, N'750 cc per bottle', 18.0000, 69, 0, 5, 0)
GO
INSERT [dbo].[Products] ([ProductID], [ProductName], [SupplierID], [CategoryID], [QuantityPerUnit], [UnitPrice], [UnitsInStock], [UnitsOnOrder], [ReorderLevel], [Discontinued]) VALUES (40, N'Boston Crab Meat', 19, 8, N'24 - 4 oz tins', 18.4000, 123, 0, 30, 0)
GO
INSERT [dbo].[Products] ([ProductID], [ProductName], [SupplierID], [CategoryID], [QuantityPerUnit], [UnitPrice], [UnitsInStock], [UnitsOnOrder], [ReorderLevel], [Discontinued]) VALUES (41, N'Jack''s New England Clam Chowder', 19, 8, N'12 - 12 oz cans', 9.6500, 85, 0, 10, 0)
GO
INSERT [dbo].[Products] ([ProductID], [ProductName], [SupplierID], [CategoryID], [QuantityPerUnit], [UnitPrice], [UnitsInStock], [UnitsOnOrder], [ReorderLevel], [Discontinued]) VALUES (42, N'Singaporean Hokkien Fried Mee', 20, 5, N'32 - 1 kg pkgs.', 14.0000, 26, 0, 0, 1)
GO
INSERT [dbo].[Products] ([ProductID], [ProductName], [SupplierID], [CategoryID], [QuantityPerUnit], [UnitPrice], [UnitsInStock], [UnitsOnOrder], [ReorderLevel], [Discontinued]) VALUES (43, N'Ipoh Coffee', 20, 1, N'16 - 500 g tins', 46.0000, 17, 10, 25, 0)
GO
INSERT [dbo].[Products] ([ProductID], [ProductName], [SupplierID], [CategoryID], [QuantityPerUnit], [UnitPrice], [UnitsInStock], [UnitsOnOrder], [ReorderLevel], [Discontinued]) VALUES (44, N'Gula Malacca', 20, 2, N'20 - 2 kg bags', 19.4500, 27, 0, 15, 0)
GO
INSERT [dbo].[Products] ([ProductID], [ProductName], [SupplierID], [CategoryID], [QuantityPerUnit], [UnitPrice], [UnitsInStock], [UnitsOnOrder], [ReorderLevel], [Discontinued]) VALUES (45, N'Rogede sild', 21, 8, N'1k pkg.', 9.5000, 5, 70, 15, 0)
GO
INSERT [dbo].[Products] ([ProductID], [ProductName], [SupplierID], [CategoryID], [QuantityPerUnit], [UnitPrice], [UnitsInStock], [UnitsOnOrder], [ReorderLevel], [Discontinued]) VALUES (46, N'Spegesild', 21, 8, N'4 - 450 g glasses', 12.0000, 95, 0, 0, 0)
GO
INSERT [dbo].[Products] ([ProductID], [ProductName], [SupplierID], [CategoryID], [QuantityPerUnit], [UnitPrice], [UnitsInStock], [UnitsOnOrder], [ReorderLevel], [Discontinued]) VALUES (47, N'Zaanse koeken', 22, 3, N'10 - 4 oz boxes', 9.5000, 36, 0, 0, 0)
GO
INSERT [dbo].[Products] ([ProductID], [ProductName], [SupplierID], [CategoryID], [QuantityPerUnit], [UnitPrice], [UnitsInStock], [UnitsOnOrder], [ReorderLevel], [Discontinued]) VALUES (48, N'Chocolade', 22, 3, N'10 pkgs.', 12.7500, 15, 70, 25, 0)
GO
INSERT [dbo].[Products] ([ProductID], [ProductName], [SupplierID], [CategoryID], [QuantityPerUnit], [UnitPrice], [UnitsInStock], [UnitsOnOrder], [ReorderLevel], [Discontinued]) VALUES (49, N'Maxilaku', 23, 3, N'24 - 50 g pkgs.', 20.0000, 10, 60, 15, 0)
GO
INSERT [dbo].[Products] ([ProductID], [ProductName], [SupplierID], [CategoryID], [QuantityPerUnit], [UnitPrice], [UnitsInStock], [UnitsOnOrder], [ReorderLevel], [Discontinued]) VALUES (50, N'Valkoinen suklaa', 23, 3, N'12 - 100 g bars', 16.2500, 65, 0, 30, 0)
GO
INSERT [dbo].[Products] ([ProductID], [ProductName], [SupplierID], [CategoryID], [QuantityPerUnit], [UnitPrice], [UnitsInStock], [UnitsOnOrder], [ReorderLevel], [Discontinued]) VALUES (51, N'Manjimup Dried Apples', 24, 7, N'50 - 300 g pkgs.', 53.0000, 20, 0, 10, 0)
GO
INSERT [dbo].[Products] ([ProductID], [ProductName], [SupplierID], [CategoryID], [QuantityPerUnit], [UnitPrice], [UnitsInStock], [UnitsOnOrder], [ReorderLevel], [Discontinued]) VALUES (52, N'Filo Mix', 24, 5, N'16 - 2 kg boxes', 7.0000, 38, 0, 25, 0)
GO
INSERT [dbo].[Products] ([ProductID], [ProductName], [SupplierID], [CategoryID], [QuantityPerUnit], [UnitPrice], [UnitsInStock], [UnitsOnOrder], [ReorderLevel], [Discontinued]) VALUES (53, N'Perth Pasties', 24, 6, N'48 pieces', 32.8000, 0, 0, 0, 1)
GO
INSERT [dbo].[Products] ([ProductID], [ProductName], [SupplierID], [CategoryID], [QuantityPerUnit], [UnitPrice], [UnitsInStock], [UnitsOnOrder], [ReorderLevel], [Discontinued]) VALUES (54, N'Tourtière', 25, 6, N'16 pies', 7.4500, 21, 0, 10, 0)
GO
INSERT [dbo].[Products] ([ProductID], [ProductName], [SupplierID], [CategoryID], [QuantityPerUnit], [UnitPrice], [UnitsInStock], [UnitsOnOrder], [ReorderLevel], [Discontinued]) VALUES (55, N'Pâté chinois', 25, 6, N'24 boxes x 2 pies', 24.0000, 115, 0, 20, 0)
GO
INSERT [dbo].[Products] ([ProductID], [ProductName], [SupplierID], [CategoryID], [QuantityPerUnit], [UnitPrice], [UnitsInStock], [UnitsOnOrder], [ReorderLevel], [Discontinued]) VALUES (56, N'Gnocchi di nonna Alice', 26, 5, N'24 - 250 g pkgs.', 38.0000, 21, 10, 30, 0)
GO
INSERT [dbo].[Products] ([ProductID], [ProductName], [SupplierID], [CategoryID], [QuantityPerUnit], [UnitPrice], [UnitsInStock], [UnitsOnOrder], [ReorderLevel], [Discontinued]) VALUES (57, N'Ravioli Angelo', 26, 5, N'24 - 250 g pkgs.', 19.5000, 36, 0, 20, 0)
GO
INSERT [dbo].[Products] ([ProductID], [ProductName], [SupplierID], [CategoryID], [QuantityPerUnit], [UnitPrice], [UnitsInStock], [UnitsOnOrder], [ReorderLevel], [Discontinued]) VALUES (58, N'Escargots de Bourgogne', 27, 8, N'24 pieces', 13.2500, 62, 0, 20, 0)
GO
INSERT [dbo].[Products] ([ProductID], [ProductName], [SupplierID], [CategoryID], [QuantityPerUnit], [UnitPrice], [UnitsInStock], [UnitsOnOrder], [ReorderLevel], [Discontinued]) VALUES (59, N'Raclette Courdavault', 28, 4, N'5 kg pkg.', 55.0000, 79, 0, 0, 0)
GO
INSERT [dbo].[Products] ([ProductID], [ProductName], [SupplierID], [CategoryID], [QuantityPerUnit], [UnitPrice], [UnitsInStock], [UnitsOnOrder], [ReorderLevel], [Discontinued]) VALUES (60, N'Camembert Pierrot', 28, 4, N'15 - 300 g rounds', 34.0000, 19, 0, 0, 0)
GO
INSERT [dbo].[Products] ([ProductID], [ProductName], [SupplierID], [CategoryID], [QuantityPerUnit], [UnitPrice], [UnitsInStock], [UnitsOnOrder], [ReorderLevel], [Discontinued]) VALUES (61, N'Sirop d''érable', 29, 2, N'24 - 500 ml bottles', 28.5000, 113, 0, 25, 0)
GO
INSERT [dbo].[Products] ([ProductID], [ProductName], [SupplierID], [CategoryID], [QuantityPerUnit], [UnitPrice], [UnitsInStock], [UnitsOnOrder], [ReorderLevel], [Discontinued]) VALUES (62, N'Tarte au sucre', 29, 3, N'48 pies', 49.3000, 17, 0, 0, 0)
GO
INSERT [dbo].[Products] ([ProductID], [ProductName], [SupplierID], [CategoryID], [QuantityPerUnit], [UnitPrice], [UnitsInStock], [UnitsOnOrder], [ReorderLevel], [Discontinued]) VALUES (63, N'Vegie-spread', 7, 2, N'15 - 625 g jars', 43.9000, 24, 0, 5, 0)
GO
INSERT [dbo].[Products] ([ProductID], [ProductName], [SupplierID], [CategoryID], [QuantityPerUnit], [UnitPrice], [UnitsInStock], [UnitsOnOrder], [ReorderLevel], [Discontinued]) VALUES (64, N'Wimmers gute Semmelknödel', 12, 5, N'20 bags x 4 pieces', 33.2500, 22, 80, 30, 0)
GO
INSERT [dbo].[Products] ([ProductID], [ProductName], [SupplierID], [CategoryID], [QuantityPerUnit], [UnitPrice], [UnitsInStock], [UnitsOnOrder], [ReorderLevel], [Discontinued]) VALUES (65, N'Louisiana Fiery Hot Pepper Sauce', 2, 2, N'32 - 8 oz bottles', 21.0500, 76, 0, 0, 0)
GO
INSERT [dbo].[Products] ([ProductID], [ProductName], [SupplierID], [CategoryID], [QuantityPerUnit], [UnitPrice], [UnitsInStock], [UnitsOnOrder], [ReorderLevel], [Discontinued]) VALUES (66, N'Louisiana Hot Spiced Okra', 2, 2, N'24 - 8 oz jars', 17.0000, 4, 100, 20, 0)
GO
INSERT [dbo].[Products] ([ProductID], [ProductName], [SupplierID], [CategoryID], [QuantityPerUnit], [UnitPrice], [UnitsInStock], [UnitsOnOrder], [ReorderLevel], [Discontinued]) VALUES (67, N'Laughing Lumberjack Lager', 16, 1, N'24 - 12 oz bottles', 14.0000, 52, 0, 10, 0)
GO
INSERT [dbo].[Products] ([ProductID], [ProductName], [SupplierID], [CategoryID], [QuantityPerUnit], [UnitPrice], [UnitsInStock], [UnitsOnOrder], [ReorderLevel], [Discontinued]) VALUES (68, N'Scottish Longbreads', 8, 3, N'10 boxes x 8 pieces', 12.5000, 6, 10, 15, 0)
GO
INSERT [dbo].[Products] ([ProductID], [ProductName], [SupplierID], [CategoryID], [QuantityPerUnit], [UnitPrice], [UnitsInStock], [UnitsOnOrder], [ReorderLevel], [Discontinued]) VALUES (69, N'Gudbrandsdalsost', 15, 4, N'10 kg pkg.', 36.0000, 26, 0, 15, 0)
GO
INSERT [dbo].[Products] ([ProductID], [ProductName], [SupplierID], [CategoryID], [QuantityPerUnit], [UnitPrice], [UnitsInStock], [UnitsOnOrder], [ReorderLevel], [Discontinued]) VALUES (70, N'Outback Lager', 7, 1, N'24 - 355 ml bottles', 15.0000, 15, 10, 30, 0)
GO
INSERT [dbo].[Products] ([ProductID], [ProductName], [SupplierID], [CategoryID], [QuantityPerUnit], [UnitPrice], [UnitsInStock], [UnitsOnOrder], [ReorderLevel], [Discontinued]) VALUES (71, N'Flotemysost', 15, 4, N'10 - 500 g pkgs.', 21.5000, 26, 0, 0, 0)
GO
INSERT [dbo].[Products] ([ProductID], [ProductName], [SupplierID], [CategoryID], [QuantityPerUnit], [UnitPrice], [UnitsInStock], [UnitsOnOrder], [ReorderLevel], [Discontinued]) VALUES (72, N'Mozzarella di Giovanni', 14, 4, N'24 - 200 g pkgs.', 34.8000, 14, 0, 0, 0)
GO
INSERT [dbo].[Products] ([ProductID], [ProductName], [SupplierID], [CategoryID], [QuantityPerUnit], [UnitPrice], [UnitsInStock], [UnitsOnOrder], [ReorderLevel], [Discontinued]) VALUES (73, N'Röd Kaviar', 17, 8, N'24 - 150 g jars', 15.0000, 101, 0, 5, 0)
GO
INSERT [dbo].[Products] ([ProductID], [ProductName], [SupplierID], [CategoryID], [QuantityPerUnit], [UnitPrice], [UnitsInStock], [UnitsOnOrder], [ReorderLevel], [Discontinued]) VALUES (74, N'Longlife Tofu', 4, 7, N'5 kg pkg.', 10.0000, 4, 20, 5, 0)
GO
INSERT [dbo].[Products] ([ProductID], [ProductName], [SupplierID], [CategoryID], [QuantityPerUnit], [UnitPrice], [UnitsInStock], [UnitsOnOrder], [ReorderLevel], [Discontinued]) VALUES (75, N'Rhönbräu Klosterbier', 12, 1, N'24 - 0.5 l bottles', 7.7500, 125, 0, 25, 0)
GO
INSERT [dbo].[Products] ([ProductID], [ProductName], [SupplierID], [CategoryID], [QuantityPerUnit], [UnitPrice], [UnitsInStock], [UnitsOnOrder], [ReorderLevel], [Discontinued]) VALUES (76, N'Lakkalikööri', 23, 1, N'500 ml', 18.0000, 57, 0, 20, 0)
GO
INSERT [dbo].[Products] ([ProductID], [ProductName], [SupplierID], [CategoryID], [QuantityPerUnit], [UnitPrice], [UnitsInStock], [UnitsOnOrder], [ReorderLevel], [Discontinued]) VALUES (77, N'Original Frankfurter grüne Soße', 12, 2, N'12 boxes', 13.0000, 32, 0, 15, 0)
GO
SET IDENTITY_INSERT [dbo].[Products] OFF
GO
SET IDENTITY_INSERT [dbo].[OrderDetails] ON 
GO
INSERT [dbo].[OrderDetails] ([OrderDetailsId], [OrderID], [ProductID], [UnitPrice], [Quantity], [Discount]) VALUES (1, 1, 1, 10.0000, 5, 0)
GO
SET IDENTITY_INSERT [dbo].[OrderDetails] OFF
GO
